CRIM, ZN ,INDUS ,CHAS,NOX,RM,AGE,DIS,RAD,TAX,PTRATIO,LSTAT,MEDV
0.17783,0,9.69,0,0.585,5.569,73.5,2.3999,6,391,19.2,15.1,？
0.22438,0,9.69,0,0.585,6.027,79.7,2.4982,6,391,19.2,14.33,？
0.06263,0,11.93,0,0.573,6.593,69.1,2.4786,1,273,21,9.67,？
0.04527,0,11.93,0,0.573,6.12,76.7,2.2875,1,273,21,9.08,？
0.06076,0,11.93,0,0.573,6.976,91,2.1675,1,273,21,5.64,？
0.10959,0,11.93,0,0.573,6.794,89.3,2.3889,1,273,21,6.48,？
0.04741,0,11.93,0,0.573,6.03,80.8,2.505,1,273,21,7.88,？
